ROWID_OBJECT,CREATOR,CREATE_DATE,UPDATED_BY,LAST_UPDATE_DATE,CITY,CNTRY,STATE,COUNTY,PIN_CD
1,admin,2022-01-12T23:36:07.276+05:30,admin,2022-01-12T23:36:08.280+05:30,Cedar Rapids,US,Iowa,,52403
2,admin,2022-01-12T23:36:08.280+05:30,admin,2022-01-12T23:36:08.281+05:30,Cedar Rapids,US,Iowa,,52403
3,admin,2022-01-12T23:36:08.281+05:30,admin,2022-01-12T23:36:08.282+05:30,Des Moines,US,Iowa,,50312
4,admin,2022-01-12T23:36:08.282+05:30,admin,2022-01-12T23:36:08.283+05:30,Des Moines,US,Iowa,,50314
5,admin,2022-01-12T23:36:08.283+05:30,admin,2022-01-12T23:36:08.283+05:30,Des Moines,US,Iowa,,50310
6,admin,2022-01-12T23:36:08.283+05:30,admin,2022-01-12T23:36:08.284+05:30,Des Moines,US,Iowa,,50309
7,admin,2022-01-12T23:36:08.284+05:30,admin,2022-01-12T23:36:08.284+05:30,Des Moines,US,Iowa,,50314
8,admin,2022-01-12T23:36:08.284+05:30,admin,2022-01-12T23:36:08.284+05:30,Cedar Rapids,US,Iowa,,52402
9,admin,2022-01-12T23:36:08.285+05:30,admin,2022-01-12T23:36:08.285+05:30,Waterloo,US,Iowa,,50702
10,admin,2022-01-12T23:36:08.285+05:30,admin,2022-01-12T23:36:08.285+05:30,Cedar Rapids,US,Iowa,,52401
11,admin,2022-01-12T23:36:08.285+05:30,admin,2022-01-12T23:36:08.286+05:30,Des Moines,US,Iowa,,50309
12,admin,2022-01-12T23:36:08.286+05:30,admin,2022-01-12T23:36:08.286+05:30,White City,US,Oregon,,97503
13,admin,2022-01-12T23:36:08.286+05:30,admin,2022-01-12T23:36:08.286+05:30,Portland,US,Oregon,,97227
14,admin,2022-01-12T23:36:08.286+05:30,admin,2022-01-12T23:36:08.287+05:30,Portland,US,Oregon,,97229
15,admin,2022-01-12T23:36:08.287+05:30,admin,2022-01-12T23:36:08.287+05:30,Portland,US,Oregon,,97220
16,admin,2022-01-12T23:36:08.287+05:30,admin,2022-01-12T23:36:08.288+05:30,North Bend,US,Oregon,,97459
17,admin,2022-01-12T23:36:08.288+05:30,admin,2022-01-12T23:36:08.288+05:30,Portland,US,Oregon,,97206
18,admin,2022-01-12T23:36:08.288+05:30,admin,2022-01-12T23:36:08.288+05:30,Clackamas,US,Oregon,,97015
19,admin,2022-01-12T23:36:08.288+05:30,admin,2022-01-12T23:36:08.289+05:30,Florence,US,Oregon,,97439
20,admin,2022-01-12T23:36:08.289+05:30,admin,2022-01-12T23:36:08.289+05:30,Portland,US,Oregon,,97239
21,admin,2022-01-12T23:36:08.289+05:30,admin,2022-01-12T23:36:08.290+05:30,Portland,US,Oregon,,97230
22,admin,2022-01-12T23:36:08.290+05:30,admin,2022-01-12T23:36:08.290+05:30,Springfield,US,Oregon,,97478
23,admin,2022-01-12T23:36:08.290+05:30,admin,2022-01-12T23:36:08.290+05:30,Portland,US,Oregon,,97220
24,admin,2022-01-12T23:36:08.291+05:30,admin,2022-01-12T23:36:08.291+05:30,Des Moines,US,Iowa,,50316
25,admin,2022-01-12T23:36:08.291+05:30,admin,2022-01-12T23:36:08.291+05:30,Des Moines,US,Iowa,,50310
26,admin,2022-01-12T23:36:08.291+05:30,admin,2022-01-12T23:36:08.292+05:30,Cedar Rapids,US,Iowa,,52402
27,admin,2022-01-12T23:36:08.292+05:30,admin,2022-01-12T23:36:08.292+05:30,North Bend,US,Oregon,,97459
28,admin,2022-01-12T23:36:08.292+05:30,admin,2022-01-12T23:36:08.293+05:30,White City,US,Oregon,,97503
29,admin,2022-01-12T23:36:08.293+05:30,admin,2022-01-12T23:36:08.293+05:30,Grants Pass,US,Oregon,,97526
30,admin,2022-01-12T23:36:08.293+05:30,admin,2022-01-12T23:36:08.294+05:30,Cedar Rapids,US,Iowa,,52402
31,admin,2022-01-12T23:36:08.294+05:30,admin,2022-01-12T23:36:08.294+05:30,Cedar Rapids,US,Iowa,,52405
32,admin,2022-01-12T23:36:08.294+05:30,admin,2022-01-12T23:36:08.294+05:30,Cedar Rapids,US,Iowa,,52403
33,admin,2022-01-12T23:36:08.294+05:30,admin,2022-01-12T23:36:08.295+05:30,Waterloo,US,Iowa,,50701
34,admin,2022-01-12T23:36:08.295+05:30,admin,2022-01-12T23:36:08.295+05:30,Des Moines,US,Iowa,,50314
35,admin,2022-01-12T23:36:08.295+05:30,admin,2022-01-12T23:36:08.295+05:30,Des Moines,US,Iowa,,50319
36,admin,2022-01-12T23:36:08.297+05:30,admin,2022-01-12T23:36:08.297+05:30,Portland,US,Oregon,,97213
37,admin,2022-01-12T23:36:08.297+05:30,admin,2022-01-12T23:36:08.297+05:30,Portland,US,Oregon,,97213
38,admin,2022-01-12T23:36:08.297+05:30,admin,2022-01-12T23:36:08.297+05:30,Springfield,US,Oregon,,97477
39,admin,2022-01-12T23:36:08.297+05:30,admin,2022-01-12T23:36:08.297+05:30,Florence,US,Oregon,,97439
40,admin,2022-01-12T23:36:08.297+05:30,admin,2022-01-12T23:36:08.298+05:30,Portland,US,Oregon,,97229
41,admin,2022-01-12T23:36:08.298+05:30,admin,2022-01-12T23:36:08.298+05:30,Portland,US,Oregon,,97229
42,admin,2022-01-12T23:36:08.298+05:30,admin,2022-01-12T23:36:08.299+05:30,Clackamas,US,Oregon,,97015
43,admin,2022-01-12T23:36:08.299+05:30,admin,2022-01-12T23:36:08.299+05:30,Portland,US,Oregon,,97203
44,admin,2022-01-12T23:36:08.299+05:30,admin,2022-01-12T23:36:08.299+05:30,Portland,US,Oregon,,97220
45,admin,2022-01-12T23:36:08.300+05:30,admin,2022-01-12T23:36:08.300+05:30,Portland,US,Oregon,,97225
